-- phpMyAdmin SQL Dump
-- version 5.0.4
-- https://www.phpmyadmin.net/
--
-- Host: 127.0.0.1
-- Generation Time: Jan 19, 2021 at 01:46 PM
-- Server version: 10.4.17-MariaDB
-- PHP Version: 7.4.13

SET SQL_MODE = "NO_AUTO_VALUE_ON_ZERO";
START TRANSACTION;
SET time_zone = "+00:00";


/*!40101 SET @OLD_CHARACTER_SET_CLIENT=@@CHARACTER_SET_CLIENT */;
/*!40101 SET @OLD_CHARACTER_SET_RESULTS=@@CHARACTER_SET_RESULTS */;
/*!40101 SET @OLD_COLLATION_CONNECTION=@@COLLATION_CONNECTION */;
/*!40101 SET NAMES utf8mb4 */;

--
-- Database: `ecommerce`
--

-- --------------------------------------------------------

--
-- Table structure for table `tbl_admin`
--

CREATE TABLE `tbl_admin` (
  `admin_id` int(11) NOT NULL,
  `email` varchar(50) NOT NULL,
  `password` varchar(100) NOT NULL,
  `admin_name` varchar(100) NOT NULL
) ENGINE=InnoDB DEFAULT CHARSET=utf8;

--
-- Dumping data for table `tbl_admin`
--

INSERT INTO `tbl_admin` (`admin_id`, `email`, `password`, `admin_name`) VALUES
(1, 'admin@gmail.com', '21232f297a57a5a743894a0e4a801fc3', 'Hiếu Tấn');

-- --------------------------------------------------------

--
-- Table structure for table `tbl_baiviet`
--

CREATE TABLE `tbl_baiviet` (
  `baiviet_id` int(11) NOT NULL,
  `tenbaiviet` varchar(100) NOT NULL,
  `tomtat` text NOT NULL,
  `noidung` text NOT NULL,
  `danhmuctin_id` int(11) NOT NULL,
  `baiviet_image` varchar(50) NOT NULL
) ENGINE=InnoDB DEFAULT CHARSET=utf8;

--
-- Dumping data for table `tbl_baiviet`
--

INSERT INTO `tbl_baiviet` (`baiviet_id`, `tenbaiviet`, `tomtat`, `noidung`, `danhmuctin_id`, `baiviet_image`) VALUES
(1, 'Bài 1 : Lorem Ipsum is simply dummy text of the printing and typesetting industry.', 'Lorem Ipsum is simply dummy text of the printing and typesetting industry.Lorem Ipsum is simply dummy text of the printing and typesetting industry.Lorem Ipsum is simply dummy text of the printing and typesetting industry.', 'Lorem Ipsum is simply dummy text of the printing and typesetting industry.Lorem Ipsum is simply dummy text of the printing and typesetting industry.Lorem Ipsum is simply dummy text of the printing and typesetting industry.Lorem Ipsum is simply dummy text of the printing and typesetting industry.Lorem Ipsum is simply dummy text of the printing and typesetting industry.Lorem Ipsum is simply dummy text of the printing and typesetting industry.Lorem Ipsum is simply dummy text of the printing and typesetting industry.', 1, 'a4.jpg'),
(2, 'Bài 2: Lorem Ipsum is simply dummy text of the printing and typesetting industry.', 'Lorem Ipsum is simply dummy text of the printing and typesetting industry.Lorem Ipsum is simply dummy text of the printing and typesetting industry.Lorem Ipsum is simply dummy text of the printing and typesetting industry.', 'Lorem Ipsum is simply dummy text of the printing and typesetting industry.Lorem Ipsum is simply dummy text of the printing and typesetting industry.Lorem Ipsum is simply dummy text of the printing and typesetting industry.Lorem Ipsum is simply dummy text of the printing and typesetting industry.Lorem Ipsum is simply dummy text of the printing and typesetting industry.', 2, 'm3.jpg'),
(3, 'Bài 3: Lorem Ipsum is simply dummy text of the printing and typesetting industry.', 'Lorem Ipsum is simply dummy text of the printing and typesetting industry.Lorem Ipsum is simply dummy text of the printing and typesetting industry.Lorem Ipsum is simply dummy text of the printing and typesetting industry.', 'Lorem Ipsum is simply dummy text of the printing and typesetting industry.Lorem Ipsum is simply dummy text of the printing and typesetting industry.Lorem Ipsum is simply dummy text of the printing and typesetting industry.Lorem Ipsum is simply dummy text of the printing and typesetting industry.Lorem Ipsum is simply dummy text of the printing and typesetting industry.Lorem Ipsum is simply dummy text of the printing and typesetting industry.', 3, 'k2.jpg'),
(4, 'Bài 4 :Lorem Ipsum is simply dummy text of the printing and typesetting industry.', 'Lorem Ipsum is simply dummy text of the printing and typesetting industry.Lorem Ipsum is simply dummy text of the printing and typesetting industry.Lorem Ipsum is simply dummy text of the printing and typesetting industry.', 'Lorem Ipsum is simply dummy text of the printing and typesetting industry.Lorem Ipsum is simply dummy text of the printing and typesetting industry.Lorem Ipsum is simply dummy text of the printing and typesetting industry.Lorem Ipsum is simply dummy text of the printing and typesetting industry.Lorem Ipsum is simply dummy text of the printing and typesetting industry.', 4, 'b4.jpg'),
(5, 'Lorem Ipsum is simply dummy text of the printing and typesetting industry.', 'Bài 5 : Lorem Ipsum is simply dummy text of the printing and typesetting industry.Lorem Ipsum is simply dummy text of the printing and typesetting industry.', 'Lorem Ipsum is simply dummy text of the printing and typesetting industry.Lorem Ipsum is simply dummy text of the printing and typesetting industry.Lorem Ipsum is simply dummy text of the printing and typesetting industry.Lorem Ipsum is simply dummy text of the printing and typesetting industry.', 4, 'm8.jpg');

-- --------------------------------------------------------

--
-- Table structure for table `tbl_category`
--

CREATE TABLE `tbl_category` (
  `category_id` int(11) NOT NULL,
  `category_name` varchar(50) NOT NULL
) ENGINE=InnoDB DEFAULT CHARSET=utf8;

--
-- Dumping data for table `tbl_category`
--

INSERT INTO `tbl_category` (`category_id`, `category_name`) VALUES
(16, 'Men'),
(17, 'Woman'),
(18, 'Kids');

-- --------------------------------------------------------

--
-- Table structure for table `tbl_danhmuc_tin`
--

CREATE TABLE `tbl_danhmuc_tin` (
  `danhmuctin_id` int(11) NOT NULL,
  `tendanhmuc` varchar(100) NOT NULL
) ENGINE=InnoDB DEFAULT CHARSET=utf8;

--
-- Dumping data for table `tbl_danhmuc_tin`
--

INSERT INTO `tbl_danhmuc_tin` (`danhmuctin_id`, `tendanhmuc`) VALUES
(1, 'Kiến thức máy lạnh'),
(2, 'Kiến thức máy giặc'),
(3, 'Kiến thức laptop'),
(4, 'Kiến thức Tivi');

-- --------------------------------------------------------

--
-- Table structure for table `tbl_donhang`
--

CREATE TABLE `tbl_donhang` (
  `donhang_id` int(11) NOT NULL,
  `sanpham_id` int(11) NOT NULL,
  `soluong` int(11) NOT NULL,
  `mahang` varchar(50) NOT NULL,
  `khachhang_id` int(11) NOT NULL,
  `ngaythang` timestamp NOT NULL DEFAULT current_timestamp() ON UPDATE current_timestamp(),
  `tinhtrang` int(11) NOT NULL,
  `huydon` int(11) NOT NULL DEFAULT 0
) ENGINE=InnoDB DEFAULT CHARSET=utf8;

--
-- Dumping data for table `tbl_donhang`
--

INSERT INTO `tbl_donhang` (`donhang_id`, `sanpham_id`, `soluong`, `mahang`, `khachhang_id`, `ngaythang`, `tinhtrang`, `huydon`) VALUES
(10, 17, 7, '3060', 12, '2019-10-01 04:11:55', 1, 0),
(11, 21, 5, '8979', 14, '2019-10-04 02:29:52', 0, 0),
(12, 26, 6, '8979', 14, '2019-10-04 02:29:52', 0, 0),
(13, 20, 3, '4236', 15, '2019-10-04 02:33:55', 0, 0),
(14, 21, 4, '4236', 15, '2019-10-04 02:33:56', 0, 0),
(15, 20, 3, '6503', 16, '2019-10-04 02:34:56', 0, 0),
(16, 21, 4, '6503', 16, '2019-10-04 02:34:56', 0, 0),
(17, 21, 1, '2508', 17, '2019-10-04 02:35:19', 0, 0),
(18, 26, 3, '4249', 18, '2019-10-04 02:45:46', 0, 0),
(19, 26, 3, '8728', 19, '2019-10-04 02:46:40', 0, 0),
(20, 21, 1, '5037', 20, '2019-10-04 02:48:16', 0, 0),
(21, 20, 1, '5037', 20, '2019-10-04 02:48:17', 0, 0),
(22, 21, 1, '1594', 21, '2019-10-04 02:51:05', 0, 0),
(23, 20, 1, '1594', 21, '2019-10-04 02:51:05', 0, 0),
(24, 20, 1, '2323', 22, '2019-10-04 02:54:27', 0, 0),
(25, 21, 3, '2323', 22, '2019-10-04 02:54:27', 0, 0),
(26, 21, 2, '5737', 23, '2019-10-04 02:57:00', 0, 0),
(28, 25, 3, '7785', 25, '2019-10-04 03:11:51', 0, 0),
(29, 22, 5, '7785', 25, '2019-10-04 03:11:52', 0, 0),
(30, 27, 2, '7785', 25, '2019-10-04 03:11:52', 0, 0),
(31, 21, 1, '5396', 26, '2019-10-04 03:49:08', 0, 0),
(32, 20, 3, '5396', 26, '2019-10-04 03:49:08', 0, 0),
(33, 20, 3, '7914', 28, '2019-10-05 05:38:42', 0, 0),
(34, 26, 1, '7914', 28, '2019-10-05 05:38:42', 0, 0),
(35, 25, 2, '6687', 27, '2019-10-09 09:48:42', 1, 2),
(36, 26, 3, '6687', 27, '2019-10-09 09:48:42', 1, 2),
(37, 27, 1, '6687', 27, '2019-10-09 09:48:42', 1, 2),
(38, 22, 1, '1125', 27, '2019-10-09 09:47:17', 1, 2),
(39, 24, 1, '1125', 27, '2019-10-09 09:47:17', 1, 2),
(40, 20, 1, '555', 27, '2019-10-09 09:50:07', 0, 2),
(43, 21, 2, '', 25, '2021-01-16 08:30:30', 0, 0),
(44, 21, 2, '', 25, '2021-01-16 08:30:45', 0, 0),
(45, 21, 2, '', 25, '2021-01-16 08:38:08', 0, 0),
(46, 21, 2, '', 25, '2021-01-16 08:38:09', 0, 0),
(47, 21, 4, '', 25, '2021-01-16 09:23:43', 0, 0),
(48, 27, 1, '', 25, '2021-01-16 09:23:43', 0, 0),
(49, 21, 1, '', 25, '2021-01-18 04:13:18', 0, 0),
(50, 28, 5, '', 29, '2021-01-19 11:37:06', 0, 0),
(51, 28, 5, '', 25, '2021-01-19 12:22:54', 0, 0),
(52, 21, 2, '', 25, '2021-01-19 12:22:54', 0, 0),
(53, 19, 2, '', 25, '2021-01-19 12:22:54', 0, 0);

-- --------------------------------------------------------

--
-- Table structure for table `tbl_giaodich`
--

CREATE TABLE `tbl_giaodich` (
  `giaodich_id` int(11) NOT NULL,
  `sanpham_id` int(11) NOT NULL,
  `soluong` int(11) NOT NULL,
  `magiaodich` varchar(50) NOT NULL,
  `ngaythang` timestamp NOT NULL DEFAULT current_timestamp() ON UPDATE current_timestamp(),
  `khachhang_id` int(11) NOT NULL,
  `tinhtrangdon` int(11) NOT NULL DEFAULT 0,
  `huydon` int(11) NOT NULL DEFAULT 0
) ENGINE=InnoDB DEFAULT CHARSET=utf8;

--
-- Dumping data for table `tbl_giaodich`
--

INSERT INTO `tbl_giaodich` (`giaodich_id`, `sanpham_id`, `soluong`, `magiaodich`, `ngaythang`, `khachhang_id`, `tinhtrangdon`, `huydon`) VALUES
(3, 21, 2, '5737', '2019-10-04 02:57:00', 23, 0, 0),
(4, 26, 1, '6219', '2019-10-04 02:58:34', 24, 0, 0),
(5, 25, 3, '7785', '2019-10-04 03:11:52', 25, 0, 0),
(6, 22, 5, '7785', '2019-10-04 03:11:52', 25, 0, 0),
(7, 27, 2, '7785', '2019-10-04 03:11:52', 25, 0, 0),
(8, 21, 1, '5396', '2019-10-04 03:49:08', 26, 0, 0),
(9, 20, 3, '5396', '2019-10-04 03:49:08', 26, 0, 0),
(10, 20, 3, '7914', '2019-10-05 05:38:42', 28, 0, 0),
(11, 26, 1, '7914', '2019-10-05 05:38:42', 28, 0, 0),
(12, 25, 2, '6687', '2019-10-09 09:48:42', 27, 1, 2),
(13, 26, 3, '6687', '2019-10-09 09:48:42', 27, 1, 2),
(14, 27, 1, '6687', '2019-10-09 09:48:42', 27, 1, 2),
(15, 22, 1, '1125', '2019-10-09 09:47:17', 27, 1, 2),
(16, 24, 1, '1125', '2019-10-09 09:47:17', 27, 1, 2),
(17, 20, 1, '555', '2019-10-09 09:50:08', 27, 0, 2);

-- --------------------------------------------------------

--
-- Table structure for table `tbl_giohang`
--

CREATE TABLE `tbl_giohang` (
  `giohang_id` int(11) NOT NULL,
  `tensanpham` varchar(100) NOT NULL,
  `sanpham_id` int(11) NOT NULL,
  `giasanpham` varchar(50) NOT NULL,
  `hinhanh` varchar(50) NOT NULL,
  `soluong` int(11) NOT NULL
) ENGINE=InnoDB DEFAULT CHARSET=utf8;

--
-- Dumping data for table `tbl_giohang`
--

INSERT INTO `tbl_giohang` (`giohang_id`, `tensanpham`, `sanpham_id`, `giasanpham`, `hinhanh`, `soluong`) VALUES
(1, 'Máy giặc Samsung', 26, '105000000', 'm8.jpg', 1),
(2, 'Galaxy A15', 21, '15000000', 'mk3.jpg', 1);

-- --------------------------------------------------------

--
-- Table structure for table `tbl_khachhang`
--

CREATE TABLE `tbl_khachhang` (
  `khachhang_id` int(11) NOT NULL,
  `name` varchar(100) NOT NULL,
  `phone` varchar(50) NOT NULL,
  `address` varchar(200) NOT NULL,
  `note` text NOT NULL,
  `email` varchar(150) NOT NULL,
  `password` varchar(100) NOT NULL,
  `giaohang` int(11) NOT NULL
) ENGINE=InnoDB DEFAULT CHARSET=utf8;

--
-- Dumping data for table `tbl_khachhang`
--

INSERT INTO `tbl_khachhang` (`khachhang_id`, `name`, `phone`, `address`, `note`, `email`, `password`, `giaohang`) VALUES
(12, 'Hiếu', '0932023992', '123/123', 'dasdasdas', 'hieu@gmail.com', 'e10adc3949ba59abbe56e057f20f883e', 1),
(13, 'Long Hoàng', '01694494813', '123/123', 'dasdasdas', 'long@gmail.com', '0192023a7bbd73250516f069df18b500', 0),
(14, 'Hoàng Long', '0932023992', '123/123', 'dsadas', 'hoanglong@gmail.com', '', 1),
(22, 'Nam', '0932023992', '123/123', 'dasdas', 'name123@gmail.com', '', 1),
(23, 'Nam', '0932023992', '123/123', 'dasdasd', 'name456@gmail.com', '', 1),
(24, 'Hoa', '0932023992', '123/123', 'dasdas', 'hoa@gmail.com', '', 0),
(25, 'Hoàng Kha', '0932023992', '123/123', 'dasdasdas', 'son', '202cb962ac59075b964b07152d234b70', 1),
(26, 'Trương Lưu', '0932023992', '123/123', 'dasdasdas', 'truongluu@gmail.com', 'e10adc3949ba59abbe56e057f20f883e', 1),
(27, 'Trương Huệ Mẫn', '0932023992', '123', 'dasdasdasd', 'hueman@gmail.com', 'e10adc3949ba59abbe56e057f20f883e', 0),
(28, 'Hoa', '0932023992', '123/123', 'dasdasdads', 'hoa@gmail.com', 'e10adc3949ba59abbe56e057f20f883e', 0),
(29, 'Son', '1234', 'Tổ 2, Trà Thành, Thanh An', '', 'lephuocson1999@gmail.com', '202cb962ac59075b964b07152d234b70', 0);

-- --------------------------------------------------------

--
-- Table structure for table `tbl_sanpham`
--

CREATE TABLE `tbl_sanpham` (
  `sanpham_id` int(11) NOT NULL,
  `category_id` int(11) NOT NULL,
  `sanpham_name` varchar(255) NOT NULL,
  `sanpham_chitiet` varchar(500) NOT NULL,
  `sanpham_mota` varchar(500) NOT NULL,
  `sanpham_gia` int(11) NOT NULL,
  `sanpham_giakhuyenmai` int(11) NOT NULL,
  `sanpham_active` int(11) NOT NULL,
  `sanpham_hot` int(11) NOT NULL,
  `sanpham_soluong` int(11) NOT NULL,
  `sanpham_image` varchar(200) NOT NULL
) ENGINE=InnoDB DEFAULT CHARSET=utf8;

--
-- Dumping data for table `tbl_sanpham`
--

INSERT INTO `tbl_sanpham` (`sanpham_id`, `category_id`, `sanpham_name`, `sanpham_chitiet`, `sanpham_mota`, `sanpham_gia`, `sanpham_giakhuyenmai`, `sanpham_active`, `sanpham_hot`, `sanpham_soluong`, `sanpham_image`) VALUES
(17, 16, 'Giày K', 'dasdasdasadasd', 'dasdasddsadasds', 500000, 450000, 0, 1, 10, 'g.jpg'),
(18, 16, 'Giày H', 'asdasd', 'dasdasd', 1000000, 800000, 0, 0, 1, 'g.jpg'),
(19, 16, 'Giày J', 'asdasd', 'dasdasd', 1200000, 1100000, 0, 1, 1, 'g.jpg'),
(20, 16, 'Giày A', 'dasdad', 'dasdas', 1700000, 1500000, 0, 0, 10, 'g.jpg'),
(21, 16, 'Giày B', 'dasdad', 'dasdas', 1800000, 1600000, 0, 1, 10, 'g.jpg'),
(22, 18, 'Giày Q', 'dasdad', 'dasdas', 1900000, 1820000, 0, 0, 5, 'g.jpg'),
(23, 17, 'Giày L', 'dasdaddasda', 'dasdasdasd', 2100000, 2050000, 0, 1, 10, 'g.jpg'),
(24, 17, 'Giày E', 'sfsdf', 'adsf', 600000, 500000, 0, 0, 10, 'g.jpg'),
(25, 17, 'Giày D', 'sfsdf', 'adsf', 1300000, 1200000, 0, 0, 10, 'g.jpg'),
(26, 17, 'Giày F', 'dasdas', 'dsadas', 2500000, 2200000, 0, 0, 10, 'g.jpg'),
(27, 16, 'Giày G', 'dasdas', 'dsadas', 800000, 750000, 0, 0, 10, 'g.jpg'),
(28, 17, 'Giày C', '123', '123', 1000000, 800000, 0, 0, 10, 'g.jpg'),
(30, 18, 'Giày W', 'FSDF', 'FDSF', 1200000, 800000, 0, 0, 10, 'air-zoom-pegasus-37-running-shoe-mwrTCc.jpg'),
(32, 16, 'Nike Air Zoom Pegasus 37', 'ADSD', 'SDAAD', 1200000, 800000, 0, 0, 10, 'air-zoom-pegasus-37-running-shoe-mwrTCc.jpg'),
(33, 16, 'Nike Air Zoom Pegasus 37', 'Chất liệu:\r\n- Vật tư chính: Microfiber\r\n- Lót vòng cổ Pu,\r\n- Lót thân + lưỡi gà Mousse 3mm +Mesh\r\n- Đế cao su\r\n- Thân ngoài thêu logo Anubis màu đen\r\n- Dây giày cotton dệt 6mm trắng\r\n- 2 lỗ nhỏ giúp hơi nóng và ẩm sẽ được thoát nhanh chóng đem lại cảm giác dễ chịu, thoải mái cho đôi chân sử dụng.', 'Chất liệu:\r\n- Vật tư chính: Microfiber\r\n- Lót vòng cổ Pu,\r\n- Lót thân + lưỡi gà Mousse 3mm +Mesh\r\n- Đế cao su\r\n- Thân ngoài thêu logo Anubis màu đen\r\n- Dây giày cotton dệt 6mm trắng\r\n- 2 lỗ nhỏ giúp hơi nóng và ẩm sẽ được thoát nhanh chóng đem lại cảm giác dễ chịu, thoải mái cho đôi chân sử dụng.', 1200000, 0, 0, 0, 10, 'air-zoom-pegasus-37-running-shoe-mwrTCc.jpg');

-- --------------------------------------------------------

--
-- Table structure for table `tbl_slider`
--

CREATE TABLE `tbl_slider` (
  `slider_id` int(11) NOT NULL,
  `slider_image` varchar(100) NOT NULL,
  `slider_caption` text NOT NULL,
  `slider_active` int(11) NOT NULL DEFAULT 1
) ENGINE=InnoDB DEFAULT CHARSET=utf8;

--
-- Dumping data for table `tbl_slider`
--

INSERT INTO `tbl_slider` (`slider_id`, `slider_image`, `slider_caption`, `slider_active`) VALUES
(1, 'b2.jpg', 'Slider khuyến mãi ', 1),
(2, 'b3.jpg', 'Slider 50%', 1);

--
-- Indexes for dumped tables
--

--
-- Indexes for table `tbl_admin`
--
ALTER TABLE `tbl_admin`
  ADD PRIMARY KEY (`admin_id`);

--
-- Indexes for table `tbl_baiviet`
--
ALTER TABLE `tbl_baiviet`
  ADD PRIMARY KEY (`baiviet_id`);

--
-- Indexes for table `tbl_category`
--
ALTER TABLE `tbl_category`
  ADD PRIMARY KEY (`category_id`);

--
-- Indexes for table `tbl_danhmuc_tin`
--
ALTER TABLE `tbl_danhmuc_tin`
  ADD PRIMARY KEY (`danhmuctin_id`);

--
-- Indexes for table `tbl_donhang`
--
ALTER TABLE `tbl_donhang`
  ADD PRIMARY KEY (`donhang_id`);

--
-- Indexes for table `tbl_giaodich`
--
ALTER TABLE `tbl_giaodich`
  ADD PRIMARY KEY (`giaodich_id`);

--
-- Indexes for table `tbl_giohang`
--
ALTER TABLE `tbl_giohang`
  ADD PRIMARY KEY (`giohang_id`);

--
-- Indexes for table `tbl_khachhang`
--
ALTER TABLE `tbl_khachhang`
  ADD PRIMARY KEY (`khachhang_id`);

--
-- Indexes for table `tbl_sanpham`
--
ALTER TABLE `tbl_sanpham`
  ADD PRIMARY KEY (`sanpham_id`);

--
-- Indexes for table `tbl_slider`
--
ALTER TABLE `tbl_slider`
  ADD PRIMARY KEY (`slider_id`);

--
-- AUTO_INCREMENT for dumped tables
--

--
-- AUTO_INCREMENT for table `tbl_admin`
--
ALTER TABLE `tbl_admin`
  MODIFY `admin_id` int(11) NOT NULL AUTO_INCREMENT, AUTO_INCREMENT=2;

--
-- AUTO_INCREMENT for table `tbl_baiviet`
--
ALTER TABLE `tbl_baiviet`
  MODIFY `baiviet_id` int(11) NOT NULL AUTO_INCREMENT, AUTO_INCREMENT=6;

--
-- AUTO_INCREMENT for table `tbl_category`
--
ALTER TABLE `tbl_category`
  MODIFY `category_id` int(11) NOT NULL AUTO_INCREMENT, AUTO_INCREMENT=19;

--
-- AUTO_INCREMENT for table `tbl_danhmuc_tin`
--
ALTER TABLE `tbl_danhmuc_tin`
  MODIFY `danhmuctin_id` int(11) NOT NULL AUTO_INCREMENT, AUTO_INCREMENT=5;

--
-- AUTO_INCREMENT for table `tbl_donhang`
--
ALTER TABLE `tbl_donhang`
  MODIFY `donhang_id` int(11) NOT NULL AUTO_INCREMENT, AUTO_INCREMENT=54;

--
-- AUTO_INCREMENT for table `tbl_giaodich`
--
ALTER TABLE `tbl_giaodich`
  MODIFY `giaodich_id` int(11) NOT NULL AUTO_INCREMENT, AUTO_INCREMENT=18;

--
-- AUTO_INCREMENT for table `tbl_giohang`
--
ALTER TABLE `tbl_giohang`
  MODIFY `giohang_id` int(11) NOT NULL AUTO_INCREMENT, AUTO_INCREMENT=3;

--
-- AUTO_INCREMENT for table `tbl_khachhang`
--
ALTER TABLE `tbl_khachhang`
  MODIFY `khachhang_id` int(11) NOT NULL AUTO_INCREMENT, AUTO_INCREMENT=30;

--
-- AUTO_INCREMENT for table `tbl_sanpham`
--
ALTER TABLE `tbl_sanpham`
  MODIFY `sanpham_id` int(11) NOT NULL AUTO_INCREMENT, AUTO_INCREMENT=34;

--
-- AUTO_INCREMENT for table `tbl_slider`
--
ALTER TABLE `tbl_slider`
  MODIFY `slider_id` int(11) NOT NULL AUTO_INCREMENT, AUTO_INCREMENT=3;
COMMIT;

/*!40101 SET CHARACTER_SET_CLIENT=@OLD_CHARACTER_SET_CLIENT */;
/*!40101 SET CHARACTER_SET_RESULTS=@OLD_CHARACTER_SET_RESULTS */;
/*!40101 SET COLLATION_CONNECTION=@OLD_COLLATION_CONNECTION */;
